id,type,name,status,notes
V1,victim,Loretta Lynn Chaisson-Lewis,official,"Age 28; last seen 2005-05-17; found 2005-05-20"
V2,victim,Ernestine Daniels Patterson,official,"Age 30; last seen 2005-06-16; found 2005-06-18"
V3,victim,Kristen E. Gary Lopez,official,"Age 21; last seen 2007-03-06; found 2007-03-18"
V4,victim,Whitnei Charlene Dubois,official,"Age 26; last seen 2007-05-10; found 2007-05-12"
V5,victim,Laconia Muggy Brown,official,"Age 23; last seen 2008-05-27; found 2008-05-29"
V6,victim,Crystal Shay Benoit Zeno,official,"Age 24; JDPSO last seen 2008-08-29; found 2008-09-11"
V7,victim,Brittney Gary,official,"Age 17; last seen 2008-11-02; found 2008-11-15"
V8,victim,Necole Jean Guillory,official,"Age 26; last seen 2009-08-16; found 2009-08-19"
P_FR,person,Frankie Richard,person_of_interest,"Major recurring person of interest/social-network figure; denied involvement"
P_HC,person,Hannah Conner,investigative_figure,"KPLC 2007 reported arrest/second-degree-murder charge in Kristen case"
P_TC,person,Tracee Chaisson,witness_investigative_figure,"Reported Kristen missing; KPLC reported accessory-after-fact booking"
P_BJ,person,Byron Chad Jones,former_defendant,"Arrested/prosecuted in Ernestine case; charges dismissed"
P_LN,person,Lawrence Nixon,former_defendant,"Prosecuted in Ernestine case; charges dismissed"
P_WG,person,Warren Gary,investigator,"JDPSO chief criminal investigator; ethics violation involving vehicle purchase"
P_TG,person,Terrie Guillory,law_enforcement,"Parish jail warden / deputy; appears in later relationship allegations"
P_PG,person,Paula Guillory,law_enforcement,"Former investigator/task-force-related; fired after missing evidence money"
P_DB,person,Danny Barry,law_enforcement_lead,"Later witness allegations; denied knowing Brittney; primary records incomplete"
P_MJ,person,Michael Janise,law_enforcement_lead,"Later reporting alleges Muggy informant-handler relationship"
P_JE,person,Jesse Ewing,law_enforcement_witness,"Recorded two inmates alleging cover-up; prosecuted over disclosure"
P_KM,person,Kirk Menard,private_investigator,"Received Ewing tapes; delivered material to FBI/AG"
P_JG,person,Jeffery Lee Guillory,external_serial_offender_lead,"Task force considered him; incarcerated from 2008-01-25, excluding final four"
P_RC,person,Russell Carrier,witness_lead,"Later reporting says witness near Crystal recovery area; primary statement not recovered"
P_LC,person,Leonard Crochet,associated_death,"Killed in police-involved shooting 2005-04-20; later theory-generation event"
P_HB,person,Harvey Bird Dog Burleigh,associated_death,"Unsolved stabbing death 2007-07-25; later claimed Whitnei-related knowledge"
I_JDPSO,institution,Jefferson Davis Parish Sheriff's Office,official,"Primary current investigative agency"
I_JPD,institution,Jennings Police Department,official,"Local police / task-force participant"
I_LSP,institution,Louisiana State Police,official,"Task-force participant / records custodian"
I_FBI,institution,FBI,official,"Task-force participant; Orion database maintained by FBI"
I_DA,institution,31st Judicial District Attorney,official,"Prosecution authority"
L_SMAIN,location,South Main Street / Doyle Street,official_context,"Contemporaneous KPLC social/last-seen hub"
L_BI,location,Boudreaux Inn,investigative_context,"Brown-identified drug/sex-work/social hub; primary business records pending"
L_L1126,location,LA 1126 / Grand Marais recovery area,official_context,"Loretta recovery area"
L_L102,location,LA 102 canal,official_context,"Ernestine recovery area"
L_PETIT,location,Petitjean Canal / LA 99,official_context,"Kristen recovery area"
L_BOBBY,location,Bobby Rd / Earl Duhon Rd,official_context,"Whitnei recovery area"
L_RACCA,location,East Racca Road,official_context,"Muggy recovery area"
L_LACOUR,location,Lacour Road,official_context,"Crystal recovery area"
L_KEYSTONE,location,Keystone Road,official_context,"Brittney recovery area"
L_I10,location,I-10 mile 72-73 Acadia Parish,official_context,"Necole recovery area"
