source,target,relationship,evidence_tier,status,source_note
V3,V7,cousins,A,confirmed,"KPLC contemporaneous family statement"
V4,P_FR,social_or_last_days_link,C,reported,"Later Brown/Showtime; primary last-seen record needed"
V1,P_FR,last_seen_vehicle_claim,B,reported,"Family witness claim in later documentary reporting"
V3,P_FR,arrest_charge_link,A,record_conflict,"KPLC 2007 says second-degree murder charge; later sheriff account disputes characterization"
V3,P_HC,arrest_charge_link,A,record_conflict,"KPLC 2007 says second-degree murder charge"
V3,P_TC,accessory_after_fact_booking,A,confirmed_public_report,"KPLC 2007"
V2,P_BJ,prosecution_link,A,confirmed,"KPLC 2006/2007; primary docket pending"
V2,P_LN,prosecution_link,A,confirmed,"KPLC 2007; primary docket pending"
V3,P_WG,vehicle_ethics_context,A,confirmed_ethics_only,"Ethics violation proven; murder-evidence link separate"
V3,P_WG,white_truck_murder_evidence_claim,C,disputed,"Brown/Showtime/Oxygen; underlying vehicle testing/witness file needed"
V5,P_MJ,alleged_informant_handler,C,unverified,"Brown/A&E; primary CI/discovery records needed"
V7,P_DB,post_store_vehicle_claim,C,unverified,"Later witness allegation; Barry denied knowing Brittney"
V8,P_TG,family_relationship,B,reported_family,"Later family/documentary says cousins; exact degree pending"
V8,P_TG,prior_jail_investigation_contact,A,documented_context,"AP reviewed 2002 state/FBI records; Terrie conducted some investigative interviews in broader jail matter"
V8,I_JDPSO,2002_misconduct_witness,A,documented,"AP state/FBI records review"
V8,P_FR,shared_social_network,C,reported,"Richard knew many victims; denied involvement"
V5,V2,questioned_about_prior_death,C,reported,"Brown says Muggy questioned in Patterson case; primary report needed"
V3,V1,questioned_about_prior_death,C,reported,"Brown says Kristen questioned in Loretta case; primary report needed"
V5,V1,claimed_prior_body_knowledge,C,reported,"Brown says task-force report records witness claim Muggy saw Loretta body before official discovery"
V5,P_JE,not_direct,unknown,none,"No direct edge; Ewing tapes relate broader Lopez/cover-up claims"
P_JE,P_KM,transferred_recordings,A,confirmed,"KPLC/LSP contemporaneous reporting"
P_KM,I_FBI,delivered_recordings,A,reported_confirmed_by_KPLC,"Menard said he delivered tapes to FBI and AG"
P_JG,V5,incarceration_exclusion,A,excluded,"KPLC: incarcerated from 2008-01-25"
P_JG,V6,incarceration_exclusion,A,excluded,"KPLC"
P_JG,V7,incarceration_exclusion,A,excluded,"KPLC"
P_JG,V8,incarceration_exclusion,A,excluded,"KPLC"
V1,L_L1126,recovery_location,A,confirmed,"JDPSO/KPLC"
V2,L_L102,recovery_location,A,confirmed,"JDPSO/KPLC"
V3,L_PETIT,recovery_location,A,confirmed,"JDPSO/KPLC"
V4,L_BOBBY,recovery_location,A,confirmed,"KPLC"
V5,L_RACCA,recovery_location,A,confirmed,"KPLC"
V6,L_LACOUR,recovery_location,A,confirmed,"KPLC"
V7,L_KEYSTONE,recovery_location,A,confirmed,"KPLC"
V8,L_I10,recovery_location,A,confirmed,"KPLC"
V8,L_SMAIN,last_seen_vehicle_area,A,confirmed,"KPLC / Jennings Police statements"
V1,L_BI,social_work_location,C,reported,"Brown/publisher; victim-specific primary record pending"
V2,L_BI,social_work_location,C,reported,"Brown/publisher; victim-specific primary record pending"
V3,L_BI,social_work_location,C,reported,"Brown/publisher; victim-specific primary record pending"
V4,L_BI,social_work_location,C,reported,"Brown/publisher; victim-specific primary record pending"
V5,L_BI,social_work_location,C,reported,"Brown/publisher; victim-specific primary record pending"
V6,L_BI,social_work_location,C,reported,"Brown/publisher; victim-specific primary record pending"
V7,L_BI,social_work_location,D,uncertain,"Do not assume minor worked there; primary evidence needed"
V8,L_BI,social_work_location,C,reported,"Brown/publisher; victim-specific primary record pending"
P_LC,I_JDPSO,police_involved_death_context,C,associated,"Crochet shooting theory; primary file pending"
P_HB,V4,claimed_knowledge_of_killer,C,reported,"Later Brown/family claim; official link unproven"
P_RC,V6,recovery_site_witness_claim,C,unverified,"Original tip not recovered"
I_JDPSO,I_FBI,multiagency_task_force,A,confirmed,"Official 2008-09 task-force"
I_JPD,I_FBI,multiagency_task_force,A,confirmed,"Official 2008-09 task-force"
I_LSP,I_FBI,multiagency_task_force,A,confirmed,"Official 2008-09 task-force"
I_DA,V2,prosecution_authority,A,confirmed,"Patterson case"
I_DA,V3,prosecution_authority,A,confirmed,"Lopez-related charging records needed"
